{"resourceType":"StructureDefinition","id":"Encounter","url":"https://healthsamurai.github.io/rgvhie/StructureDefinition/Encounter","name":"Encounter","title":"Encounter","status":"active","description":"This profile sets minimum expectations for the Encounter resource to record,\nsearch and fetch basic encounter information for an individual patient. It\nidentifies which core elements, extensions, vocabularies and value sets SHALL\nbe present in the resource when using this profile.\n","fhirVersion":"4.0.1","kind":"resource","abstract":false,"type":"Encounter","baseDefinition":"http://hl7.org/fhir/StructureDefinition/Encounter","derivation":"constraint","differential":{"element":[{"id":"Encounter.identifier","path":"Encounter.identifier","mustSupport":true},{"id":"Encounter.identifier.system","path":"Encounter.identifier.system","mustSupport":true},{"id":"Encounter.identifier.value","path":"Encounter.identifier.value","mustSupport":true},{"id":"Encounter.status","path":"Encounter.status","mustSupport":true},{"id":"Encounter.class","path":"Encounter.class","mustSupport":true},{"id":"Encounter.type","path":"Encounter.type","mustSupport":true,"binding":{"valueSet":"https://healthsamurai.github.io/rgvhie/ValueSet/us-core-encounter-type","strength":"extensible","description":null}},{"id":"Encounter.subject","path":"Encounter.subject","mustSupport":true,"refs":["/Patient"]},{"id":"Encounter.priority","path":"Encounter.priority","mustSupport":true},{"id":"Encounter.participant","path":"Encounter.participant","mustSupport":true},{"id":"Encounter.participant.type","path":"Encounter.participant.type","mustSupport":true},{"id":"Encounter.participant.individual","path":"Encounter.participant.individual","mustSupport":true,"refs":["/Practitioner"]},{"id":"Encounter.period","path":"Encounter.period","mustSupport":true},{"id":"Encounter.diagnosis","path":"Encounter.diagnosis","mustSupport":true},{"id":"Encounter.diagnosis.condition","path":"Encounter.diagnosis.condition","mustSupport":true},{"id":"Encounter.text","path":"Encounter.text","mustSupport":true},{"id":"Encounter.location","path":"Encounter.location","mustSupport":true},{"id":"Encounter.location.location","path":"Encounter.location.location","mustSupport":true,"refs":["/Location"]}]}}