{"resourceType":"StructureDefinition","id":"Patient","url":"https://healthsamurai.github.io/rgvhie/StructureDefinition/Patient","name":"Patient","title":"US Core Patient Profile","status":"active","experimental":false,"date":"2021-03-23","publisher":"US Core","description":"This profile sets minimum expectations for the Patient resource to record, search and fetch basic demographics and other administrative information about an individual patient. It identifies which core elements, extensions, vocabularies and value sets SHALL be present in the resource when using this profile.","fhirVersion":"4.0.1","kind":"resource","abstract":false,"type":"Patient","baseDefinition":"http://hl7.org/fhir/StructureDefinition/Patient","derivation":"constraint","differential":{"element":[{"id":"Patient.identifier","path":"Patient.identifier","mustSupport":true,"min":1},{"id":"Patient.identifier.system","path":"Patient.identifier.system","mustSupport":true,"min":1},{"id":"Patient.identifier.value","path":"Patient.identifier.value","mustSupport":true,"min":1},{"id":"Patient.address","path":"Patient.address","mustSupport":true},{"id":"Patient.address.line","path":"Patient.address.line","mustSupport":true},{"id":"Patient.address.city","path":"Patient.address.city","mustSupport":true},{"id":"Patient.address.postalCode","path":"Patient.address.postalCode","mustSupport":true},{"id":"Patient.address.state","path":"Patient.address.state","mustSupport":true,"binding":{"valueSet":"https://healthsamurai.github.io/rgvhie/ValueSet/us-core-usps-state","strength":"extensible","description":null}},{"id":"Patient.telecom","path":"Patient.telecom","mustSupport":true},{"id":"Patient.telecom.value","path":"Patient.telecom.value","mustSupport":true,"min":1},{"id":"Patient.telecom.system","path":"Patient.telecom.system","mustSupport":true,"min":1,"binding":{"valueSet":"https://healthsamurai.github.io/rgvhie/ValueSet/contact-point-system","strength":"extensible","description":null}},{"id":"Patient.managingOrganization","path":"Patient.managingOrganization","mustSupport":true},{"id":"Patient.name","path":"Patient.name","mustSupport":true},{"id":"Patient.gender","path":"Patient.gender","mustSupport":true,"binding":{"valueSet":"https://healthsamurai.github.io/rgvhie/ValueSet/administrative-gender","strength":"extensible","description":null}},{"id":"Patient.birthDate","path":"Patient.birthDate","mustSupport":true},{"id":"Patient.maritalStatus","path":"Patient.maritalStatus","mustSupport":true},{"id":"Patient.communication","path":"Patient.communication","mustSupport":true},{"id":"Patient.communication.language","path":"Patient.communication.language","mustSupport":true,"min":1,"binding":{"valueSet":"https://healthsamurai.github.io/rgvhie/ValueSet/simple-language","strength":"extensible","description":null}},{"id":"Patient.contact","path":"Patient.contact","mustSupport":true},{"id":"Patient.contact.address","path":"Patient.contact.address","mustSupport":true},{"id":"Patient.contact.telecom","path":"Patient.contact.telecom","mustSupport":true},{"id":"Patient.contact.name","path":"Patient.contact.name","mustSupport":true},{"id":"Patient.contact.relationship","path":"Patient.contact.relationship","mustSupport":true}]}}