{"resourceType":"StructureDefinition","id":"PractitionerRole","url":"https://healthsamurai.github.io/rgvhie/StructureDefinition/PractitionerRole","name":"PractitionerRole","title":"PractitionerRole Profile","status":"active","date":"2021-03-23","description":"A specific set of Roles/Locations/specialties/services that a practitioner may perform at an organization for a period of time.","fhirVersion":"4.0.1","kind":"resource","abstract":false,"type":"PractitionerRole","baseDefinition":"https://www.hl7.org/fhir/practitionerrole.html","derivation":"constraint","differential":{"element":[{"id":"PractitionerRole.code","path":"PractitionerRole.code","mustSupport":true},{"id":"PractitionerRole.organization","path":"PractitionerRole.organization","mustSupport":true,"type":[{"code":"Reference"}]},{"id":"PractitionerRole.practitioner","path":"PractitionerRole.practitioner","mustSupport":true}]}}