{"resourceType":"ValueSet","id":"allergyintolerance-clinical","url":"https://healthsamurai.github.io/rgvhie/ValueSet/allergyintolerance-clinical","name":"AllergyintoleranceClinical","title":"allergyintolerance clinical","status":"active","date":"2021-07-16T08:51:30Z","compose":{"include":[{"system":"us-core:us-core-allergy-substance","concept":[{"code":"active","display":"Active","definition":"The subject is currently experiencing, or is at risk of, a reaction to the identified substance.\t~active"},{"code":"inactive","display":"Inactive","definition":"The subject is no longer at risk of a reaction to the identified substance.\t~inactive"},{"code":"resolved","display":"Resolved","path":["inactive"],"definition":"A reaction to the identified substance has been clinically reassessed by testing or re-exposure and is considered no longer to be present. Re-exposure could be accidental, unplanned, or outside of any clinical setting.\t~resolved"}]}]}}