{"resourceType":"ValueSet","id":"allergy-intolerance-criticality","url":"https://healthsamurai.github.io/rgvhie/ValueSet/allergy-intolerance-criticality","name":"AllergyIntoleranceCriticality","title":"allergy intolerance criticality","status":"active","date":"2021-07-16T08:51:30Z","compose":{"include":[{"system":"http://hl7.org/fhir/allergy-intolerance-criticality","concept":[{"code":"low","display":"Low Risk","definition":"Worst case result of a future exposure is not assessed to be life-threatening or having high potential for organ system failure."},{"code":"high","display":"High Risk","definition":"Worst case result of a future exposure is assessed to be life-threatening or having high potential for organ system failure."},{"code":"unable-to-assess","display":"Unable to Assess Risk","definition":"Unable to assess the worst case result of a future exposure."}]}]}}