{"resourceType":"ValueSet","id":"condition-clinical","url":"https://healthsamurai.github.io/rgvhie/ValueSet/condition-clinical","name":"ConditionClinical","title":"condition clinical","status":"active","date":"2021-07-16T08:51:30Z","compose":{"include":[{"system":"http://terminology.hl7.org/CodeSystem/condition-clinical","concept":[{"code":"active","display":"Active","definition":"The subject is currently experiencing the symptoms of the condition or there is evidence of the condition."},{"code":"  recurrence","display":"Recurrence","definition":"The subject is experiencing a re-occurence or repeating of a previously resolved condition"},{"code":"  relapse","display":"Relapse","definition":"The subject is experiencing a return of a condition"},{"code":"inactive","display":"Inactive","definition":"The subject is no longer experiencing the symptoms of the condition or there is no longer evidence of the condition."},{"code":"  remission","display":"Remission","definition":"The subject is no longer experiencing the symptoms of the condition"},{"code":"  resolved","display":"Resolved","definition":"The subject is no longer experiencing the symptoms of the condition and there is a negligible perceived risk of the symptoms returning."}]}]}}