{"resourceType":"ValueSet","id":"diagnostic-report-status","url":"https://healthsamurai.github.io/rgvhie/ValueSet/diagnostic-report-status","name":"DiagnosticReportStatus","title":"diagnostic report status","status":"active","date":"2021-07-16T08:51:30Z","compose":{"include":[{"system":"http://hl7.org/fhir/diagnostic-report-status","concept":[{"code":"registered","display":"Registered","definition":"The existence of the report is registered"},{"code":"partial","display":"Partial","definition":"This is a partial (e.g. initial"},{"code":"  preliminary","display":"Preliminary","definition":"Verified early results are available"},{"code":"final","display":"Final","definition":"The report is complete and verified by an authorized person."},{"code":"amended","display":"Amended","definition":"Subsequent to being final"},{"code":"  corrected","display":"Corrected","definition":"Subsequent to being final"},{"code":"  appended","display":"Appended","definition":"Subsequent to being final"},{"code":"cancelled","display":"Cancelled","definition":"The report is unavailable because the measurement was not started or not completed (also sometimes called \"aborted\")."},{"code":"entered-in-error","display":"Entered in Error","definition":"The report has been withdrawn following a previous final release. This electronic record should never have existed"},{"code":"unknown","display":"Unknown","definition":"The authoring/source system does not know which of the status values currently applies for this observation. Note: This concept is not to be used for \"other\" - one of the listed statuses is presumed to apply"}]}]}}