{"resourceType":"ValueSet","id":"encounter-status","url":"https://healthsamurai.github.io/rgvhie/ValueSet/encounter-status","name":"EncounterStatus","title":"encounter status","status":"active","date":"2021-07-16T08:51:30Z","compose":{"include":[{"system":"http://hl7.org/fhir/encounter-status","concept":[{"code":"planned","display":"Planned","definition":"The Encounter has not yet started."},{"code":"arrived","display":"Arrived","definition":"The Patient is present for the encounter"},{"code":"triaged","display":"Triaged","definition":"The patient has been assessed for the priority of their treatment based on the severity of their condition."},{"code":"in-progress","display":"In Progress","definition":"The Encounter has begun and the patient is present / the practitioner and the patient are meeting."},{"code":"onleave","display":"On Leave","definition":"The Encounter has begun"},{"code":"finished","display":"Finished","definition":"The Encounter has ended."},{"code":"cancelled","display":"Cancelled","definition":"The Encounter has ended before it has begun."},{"code":"entered-in-error","display":"Entered in Error","definition":"This instance should not have been part of this patient's medical record."},{"code":"unknown","display":"Unknown","definition":"The encounter status is unknown. Note that \"unknown\" is a value of last resort and every attempt should be made to provide a meaningful value other than \"unknown\"."}]}]}}