{"resourceType":"ValueSet","id":"event-status","url":"https://healthsamurai.github.io/rgvhie/ValueSet/event-status","name":"EventStatus","title":"event status","status":"active","date":"2021-07-16T08:51:30Z","compose":{"include":[{"system":"http://hl7.org/fhir/event-status","concept":[{"code":"preparation","display":"Preparation","definition":"The core event has not started yet"},{"code":"in-progress","display":"In Progress","definition":"The event is currently occurring."},{"code":"not-done","display":"Not Done","definition":"The event was terminated prior to any activity beyond preparation. I.e. The 'main' activity has not yet begun. The boundary between preparatory and the 'main' activity is context-specific."},{"code":"on-hold","display":"On Hold","definition":"The event has been temporarily stopped but is expected to resume in the future."},{"code":"stopped","display":"Stopped","definition":"The event was terminated prior to the full completion of the intended activity but after at least some of the 'main' activity (beyond preparation) has occurred."},{"code":"completed","display":"Completed","definition":"The event has now concluded."},{"code":"entered-in-error","display":"Entered in Error","definition":"This electronic record should never have existed"},{"code":"unknown","display":"Unknown","definition":"The authoring/source system does not know which of the status values currently applies for this event. Note: This concept is not to be used for \"other\" - one of the listed statuses is presumed to apply"}]}]}}