{"resourceType":"ValueSet","id":"fm-status","url":"https://healthsamurai.github.io/rgvhie/ValueSet/fm-status","name":"FmStatus","title":"fm status","status":"active","date":"2021-07-16T08:51:30Z","compose":{"include":[{"system":"http://hl7.org/fhir/fm-status","concept":[{"code":"active","display":"Active","definition":"The instance is currently in-force."},{"code":"cancelled","display":"Cancelled","definition":"The instance is withdrawn"},{"code":"draft","display":"Draft","definition":"A new instance the contents of which is not complete."},{"code":"entered-in-error","display":"Entered in Error","definition":"The instance was entered in error."}]}]}}