{"resourceType":"ValueSet","id":"immunization-status","url":"https://healthsamurai.github.io/rgvhie/ValueSet/immunization-status","name":"ImmunizationStatus","title":"immunization status","status":"active","date":"2021-07-16T08:51:30Z","compose":{"include":[{"system":"http://hl7.org/fhir/event-status","concept":[{"code":"completed","display":"Completed","definition":"The event has now concluded."},{"code":"entered-in-error","display":"Entered in Error","definition":"This electronic record should never have existed"},{"code":"not-done","display":"Not Done","definition":"The event was terminated prior to any activity beyond preparation. I.e. The 'main' activity has not yet begun. The boundary between preparatory and the 'main' activity is context-specific."}]}]}}