{"resourceType":"ValueSet","id":"observation-status","url":"https://healthsamurai.github.io/rgvhie/ValueSet/observation-status","name":"ObservationStatus","title":"observation status","status":"active","date":"2021-07-16T08:51:30Z","compose":{"include":[{"system":"http://hl7.org/fhir/observation-status","concept":[{"code":"registered","display":"Registered","definition":"The existence of the observation is registered"},{"code":"preliminary","display":"Preliminary","definition":"This is an initial or interim observation: data may be incomplete or unverified."},{"code":"final","display":"Final","definition":"The observation is complete and there are no further actions needed. Additional information such \"released\""},{"code":"amended","display":"Amended","definition":"Subsequent to being Final"},{"code":"  corrected","display":"Corrected","definition":"Subsequent to being Final"},{"code":"cancelled","display":"Cancelled","definition":"The observation is unavailable because the measurement was not started or not completed (also sometimes called \"aborted\")."},{"code":"entered-in-error","display":"Entered in Error","definition":"The observation has been withdrawn following previous final release. This electronic record should never have existed"},{"code":"unknown","display":"Unknown","definition":"The authoring/source system does not know which of the status values currently applies for this observation. Note: This concept is not to be used for \"other\" - one of the listed statuses is presumed to apply"}]}]}}