{"resourceType":"ValueSet","id":"us-core-problem","url":"https://healthsamurai.github.io/rgvhie/ValueSet/us-core-problem","name":"UsCoreProblem","title":"us core problem","status":"active","date":"2021-07-16T08:51:30Z","compose":{"include":[{"concept":[{"code":"109006","display":"Anxiety disorder of childhood OR adolescence","definition":""},{"code":"122003","display":"Choroidal hemorrhage","definition":""},{"code":"127009","display":"Spontaneous abortion with laceration of cervix","definition":""},{"code":"129007","display":"Homoiothermia","definition":""},{"code":"134006","display":"Decreased hair growth","definition":""},{"code":"140004","display":"Chronic pharyngitis","definition":""},{"code":"144008","display":"Normal peripheral vision","definition":""},{"code":"147001","display":"Superficial foreign body of scrotum without major open wound but with infection","definition":""},{"code":"150003","display":"Abnormal bladder continence","definition":""},{"code":"151004","display":"Meningitis due to gonococcus","definition":""},{"code":"162004","display":"Severe manic bipolar I disorder without psychotic features","definition":""},{"code":"165002","display":"Accident-prone","definition":""},{"code":"168000","display":"Typhlolithiasis","definition":""},{"code":"171008","display":"Injury of ascending right colon without open wound into abdominal cavity","definition":""},{"code":"172001","display":"Endometritis following molar AND/OR ectopic pregnancy","definition":""},{"code":"175004","display":"Supraorbital neuralgia","definition":""},{"code":"177007","display":"Poisoning by sawfly larvae","definition":""},{"code":"179005","display":"Apraxia of dressing","definition":""},{"code":"181007","display":"Hemorrhagic bronchopneumonia","definition":""},{"code":"183005","display":"Autoimmune pancytopenia","definition":""},{"code":"184004","display":"Withdrawal arrhythmia","definition":""},{"code":"188001","display":"Intercostal artery injury","definition":""},{"code":"192008","display":"Congenital syphilitic hepatomegaly","definition":""},{"code":"193003","display":"Benign hypertensive renal disease","definition":""},{"code":"195005","display":"Illegal abortion with endometritis","definition":""},{"code":"198007","display":"Disease due to Filoviridae","definition":""},{"code":"199004","display":"Decreased lactation","definition":""},{"code":"208008","display":"Neurocutaneous melanosis sequence","definition":""},{"code":"216004","display":"Delusion of persecution","definition":""},{"code":"219006","display":"Alcohol user","definition":""},{"code":"222008","display":"Acute epiglottitis with obstruction","definition":""},{"code":"223003","display":"Tumor of body of uterus affecting pregnancy","definition":""},{"code":"228007","display":"Lucio phenomenon","definition":""},{"code":"241006","display":"Motor simple partial status","definition":""},{"code":"242004","display":"Noninfectious jejunitis","definition":""},{"code":"253005","display":"Sycosis","definition":""},{"code":"257006","display":"Acne rosacea","definition":"erythematous telangiectatic type"},{"code":"258001","display":"Pseudoknuckle pad","definition":""},{"code":"264008","display":"Blind hypertensive eye","definition":""},{"code":"276008","display":"Oxytocin poisoning","definition":""},{"code":"279001","display":"Senile myocarditis","definition":""},{"code":"281004","display":"Alcoholic dementia","definition":""},{"code":"282006","display":"Acute myocardial infarction of basal-lateral wall","definition":""},{"code":"290006","display":"Melnick-Fraser syndrome","definition":""},{"code":"292003","display":"EEG finding","definition":""},{"code":"297009","display":"Acute myringitis","definition":""},{"code":"299007","display":"Paraffinoma of skin","definition":""},{"code":"303002","display":"Apoplectic pancreatitis","definition":""},{"code":"308006","display":"Pearly penile papules","definition":""},{"code":"310008","display":"Penile boil","definition":""},{"code":"313005","display":"Déjà vu","definition":""},{"code":"317006","display":"Reactive hypoglycemia","definition":""},{"code":"320003","display":"Cervical dilatation","definition":"1cm"},{"code":"324007","display":"Plaster ulcer","definition":""},{"code":"330007","display":"Occipital headache","definition":""},{"code":"335002","display":"Pylorospasm","definition":""},{"code":"341009","display":"ABO incompatibility reaction","definition":""},{"code":"349006","display":"Absent tendon reflex","definition":""},{"code":"355001","display":"Hemorrhagic shock","definition":""},{"code":"357009","display":"Closed fracture trapezoid","definition":""},{"code":"358004","display":"Smallpox vaccine poisoning","definition":""},{"code":"359007","display":"Kernicterus due to isoimmunization","definition":""},{"code":"360002","display":"Acute radiation disease","definition":""},{"code":"364006","display":"Acute left-sided heart failure","definition":""},{"code":"366008","display":"Hidromeiosis","definition":""},{"code":"368009","display":"Heart valve disorder","definition":""},{"code":"369001","display":"Normal jugular venous pressure","definition":""},{"code":"378007","display":"Morquio syndrome","definition":""},{"code":"382009","display":"Legal history finding relating to child","definition":""},{"code":"383004","display":"Finding of passive range of hip extension","definition":""},{"code":"385006","display":"Secondary peripheral neuropathy","definition":""},{"code":"387003","display":"Melanuria","definition":""},{"code":"398002","display":"Left axis deviation greater than -90 degrees by EKG","definition":""},{"code":"407000","display":"Congenital hepatomegaly","definition":""},{"code":"408005","display":"Tooth chattering","definition":""},{"code":"409002","display":"Food allergy diet","definition":""},{"code":"426008","display":"Superficial injury of ankle without infection","definition":""},{"code":"431005","display":"Hypertrophy of scrotum","definition":""},{"code":"437009","display":"Abnormal composition of urine","definition":""},{"code":"440009","display":"Persistent hyperphenylalaninemia","definition":""},{"code":"442001","display":"Secondary hypopituitarism","definition":""},{"code":"443006","display":"Cystocele affecting pregnancy","definition":""},{"code":"447007","display":"Coach in sports activity accident","definition":""},{"code":"450005","display":"Ulcerative stomatitis","definition":""},{"code":"452002","display":"Blister of groin without infection","definition":""},{"code":"460001","display":"Squamous metaplasia of prostate gland","definition":""},{"code":"467003","display":"Old laceration of pelvic floor muscle","definition":""},{"code":"470004","display":"Vitreous touch syndrome","definition":""},{"code":"479003","display":"Graves' disease with pretibial myxedema AND with thyrotoxic crisis","definition":""},{"code":"486006","display":"Acute vascular insufficiency","definition":""},{"code":"488007","display":"Fibroid myocarditis","definition":""},{"code":"490008","display":"Upper respiratory tract hypersensitivity reaction","definition":""},{"code":"496002","display":"Closed traumatic dislocation of third cervical vertebra","definition":""},{"code":"504009","display":"Androgen-dependent hirsutism","definition":""},{"code":"517007","display":"Foreign body in hypopharynx","definition":""},{"code":"518002","display":"Multiple aggregation","definition":""},{"code":"520004","display":"Congenital bent nose","definition":""},{"code":"527001","display":"Spontaneous fetal evolution","definition":"Roederer's method"},{"code":"536002","display":"Glissonian cirrhosis","definition":""},{"code":"539009","display":"Conjunctival argyrosis","definition":""},{"code":"547009","display":"Hypersecretion of calcitonin","definition":""},{"code":"548004","display":"13p partial trisomy syndrome","definition":""},{"code":"554003","display":"2p partial trisomy syndrome","definition":""},{"code":"555002","display":"Dicentra species poisoning","definition":""},{"code":"563001","display":"Nystagmus","definition":""},{"code":"568005","display":"Habit disorder","definition":""},{"code":"586008","display":"Contact dermatitis due to primrose","definition":""},{"code":"590005","display":"Congenital aneurysm of anterior communicating artery","definition":""},{"code":"596004","display":"Premenstrual dysphoric disorder","definition":""},{"code":"599006","display":"Persistent pneumothorax","definition":""},{"code":"600009","display":"Pyromania","definition":""},{"code":"602001","display":"Ross river fever","definition":""},{"code":"607007","display":"Decreased vital capacity","definition":""},{"code":"610000","display":"Spastic aphonia","definition":""},{"code":"613003","display":"FRAXA - Fragile X syndrome","definition":""},{"code":"615005","display":"Obstruction due to foreign body accidentally left in operative wound AND/OR body cavity during a procedure","definition":""},{"code":"616006","display":"Sensorimotor disorder of eyelid","definition":""},{"code":"626004","display":"Hypercortisolism due to nonpituitary tumor","definition":""},{"code":"631002","display":"Transfusion reaction due to minor incompatibility","definition":""},{"code":"634005","display":"Saddle boil","definition":""},{"code":"640003","display":"Injury of pneumogastric nerve","definition":""},{"code":"643001","display":"Hypertrophy of lip","definition":""},{"code":"646009","display":"Idiopathic cyst of anterior chamber","definition":""},{"code":"649002","display":"Open fracture of distal end of ulna","definition":""},{"code":"651003","display":"Root work","definition":""},{"code":"652005","display":"Gangrenous tonsillitis","definition":""},{"code":"655007","display":"Abnormal fetal heart beat noted before labor in liveborn infant","definition":""},{"code":"658009","display":"Injury of colon without open wound into abdominal cavity","definition":""},{"code":"663008","display":"Pulmonary embolism following molar AND/OR ectopic pregnancy","definition":""},{"code":"664002","display":"Delayed ovulation","definition":""},{"code":"666000","display":"Poisoning by antivaricose drug AND/OR sclerosing agent","definition":""},{"code":"675003","display":"Torsion of intestine","definition":""},{"code":"682004","display":"Thrombosis complicating pregnancy AND/OR puerperium","definition":""},{"code":"685002","display":"Acquired telangiectasia of small AND/OR large intestines","definition":""},{"code":"701003","display":"Adult osteochondritis of spine","definition":""},{"code":"703000","display":"Congenital adhesion of tongue","definition":""},{"code":"714002","display":"Abrasion AND/OR friction burn of toe with infection","definition":""},{"code":"715001","display":"Nontraumatic rupture of urethra","definition":""},{"code":"718004","display":"Acute bronchiolitis with obstruction","definition":""},{"code":"733007","display":"Superficial foreign body of groin without major open wound but with infection","definition":""},{"code":"734001","display":"Opocephalus","definition":""},{"code":"736004","display":"Abscess of hip","definition":""},{"code":"750009","display":"Schistosoma mansoni infection","definition":""},{"code":"755004","display":"Postgastrectomy phytobezoar","definition":""},{"code":"756003","display":"Chronic rheumatic myopericarditis","definition":""},{"code":"758002","display":"Cyst of uterus","definition":""},{"code":"775008","display":"Open wound of head with complication","definition":""},{"code":"776009","display":"Partial arterial retinal occlusion","definition":""},{"code":"781000","display":"Cestrum diurnum poisoning","definition":""},{"code":"786005","display":"Clinical stage I B","definition":""},{"code":"787001","display":"Rheumatic mitral stenosis with regurgitation","definition":""},{"code":"788006","display":"Disease-related diet","definition":""},{"code":"792004","display":"CJD - Creutzfeldt-Jakob disease","definition":""},{"code":"799008","display":"Sigmoid colon ulcer","definition":""},{"code":"801006","display":"Insect bite","definition":"nonvenomous"},{"code":"805002","display":"Pneumoconiosis due to silica","definition":""},{"code":"811004","display":"Flail motion","definition":""},{"code":"813001","display":"Ankle instability","definition":""},{"code":"815008","display":"Episcleritis","definition":""},{"code":"816009","display":"Genetic recombination","definition":""},{"code":"818005","display":"Third degree burn of multiple sites of lower limb","definition":""},{"code":"825003","display":"Superficial injury of axilla with infection","definition":""},{"code":"827006","display":"Late congenital syphilis","definition":"latent (+ sero."},{"code":"832007","display":"Moderate major depression","definition":""},{"code":"834008","display":"Chair-seated facing coital position","definition":""},{"code":"841002","display":"Congenital absence of skull bone","definition":""},{"code":"842009","display":"Consanguinity","definition":""},{"code":"843004","display":"Poliomyelomalacia","definition":""},{"code":"844005","display":"Finding relating to behavior","definition":""},{"code":"845006","display":"Inferior mesenteric artery injury","definition":""},{"code":"849000","display":"Total cataract","definition":""},{"code":"857002","display":"Erythema simplex","definition":""},{"code":"862001","display":"Anemia due to chlorate","definition":""},{"code":"865004","display":"Hyperalimentation formula for ileus","definition":""},{"code":"871005","display":"Contracted pelvis","definition":""},{"code":"874002","display":"Therapeutic diuresis","definition":""},{"code":"875001","display":"Chalcosis of eye","definition":""},{"code":"888003","display":"Foetal or neonatal effect of maternal blood loss","definition":""},{"code":"890002","display":"Deep third degree burn of elbow","definition":""},{"code":"899001","display":"Axis I diagnosis","definition":""},{"code":"903008","display":"Chorioretinal infarction","definition":""},{"code":"904002","display":"Pinard's sign","definition":""},{"code":"908004","display":"Superficial injury of interscapular region without infection","definition":""},{"code":"919001","display":"Pseudohomosexual state","definition":""},{"code":"928000","display":"Musculoskeletal disorder","definition":""},{"code":"931004","display":"Gestation period","definition":"9 weeks"},{"code":"932006","display":"Flat affect","definition":""},{"code":"934007","display":"Thalassemia intermedia","definition":""},{"code":"943003","display":"Congenital retinal aneurysm","definition":""},{"code":"954008","display":"Renon-Delille syndrome","definition":""},{"code":"961007","display":"Erythema nodosum","definition":"acute form"},{"code":"962000","display":"Disability evaluation","definition":"disability 6%"},{"code":"964004","display":"Open wound of pharynx without complication","definition":""},{"code":"965003","display":"Toxic amblyopia","definition":""},{"code":"975000","display":"Anorectal agenesis","definition":""},{"code":"978003","display":"Chronic infantile eczema","definition":""},{"code":"981008","display":"Hemorrhagic proctitis","definition":""},{"code":"984000","display":"Perirectal cellulitis","definition":""},{"code":"987007","display":"Cellulitis of temple region","definition":""},{"code":"991002","display":"Wide QRS complex","definition":""},{"code":"998008","display":"Chagas' disease with heart involvement","definition":""},{"code":"1003002","display":"Religious discrimination","definition":""},{"code":"1020003","display":"Disease due to Nairovirus","definition":""},{"code":"1023001","display":"Apneic","definition":""},{"code":"1027000","display":"Biliary esophagitis","definition":""},{"code":"1031006","display":"Open wound of trachea without complication","definition":""},{"code":"1033009","display":"Thoracic arthritis","definition":""},{"code":"1034003","display":"Mesenteric-portal fistula","definition":""},{"code":"1038000","display":"Disacchariduria","definition":""},{"code":"1045000","display":"Colonospasm","definition":""},{"code":"1046004","display":"Ureteritis glandularis","definition":""},{"code":"1051005","display":"Hyperplasia of islet alpha cells with gastrin excess","definition":""},{"code":"1055001","display":"Stenosis of precerebral artery","definition":""},{"code":"1059007","display":"Opisthorchiasis","definition":""},{"code":"1070000","display":"Facial myokymia","definition":""},{"code":"1073003","display":"Xeroderma pigmentosum group B","definition":""},{"code":"1074009","display":"Glucocorticoid-responsive primary hyperaldosteronism","definition":""},{"code":"1077002","display":"Septal infarction by EKG","definition":""},{"code":"1079004","display":"Macular retinal cyst","definition":""},{"code":"1085006","display":"Vulval candidiasis","definition":""},{"code":"1089000","display":"Congenital sepsis","definition":""},{"code":"1102005","display":"Intraerythrocytic parasitosis by Nuttallia","definition":""},{"code":"1107004","display":"Early latent syphilis","definition":"positive serology"},{"code":"1108009","display":"Female pattern alopecia","definition":""},{"code":"1111005","display":"Normal sebaceous gland activity","definition":""},{"code":"1112003","display":"Degenerative disorder of eyelid","definition":""},{"code":"1116000","display":"Chronic aggressive type B viral hepatitis","definition":""},{"code":"1124005","display":"Postpartum period","definition":"6 days"},{"code":"1125006","display":"Septicemia during labor","definition":""},{"code":"1126007","display":"Knee locking","definition":""},{"code":"1131009","display":"Congenital valvular insufficiency","definition":""},{"code":"1134001","display":"Muehrcke lines","definition":""},{"code":"1135000","display":"Solar retinitis","definition":""},{"code":"1139006","display":"Confrontation (visual) test","definition":""},{"code":"1140008","display":"Thermal hypesthesia","definition":""},{"code":"1141007","display":"Circumoral paresthesia","definition":""},{"code":"1145003","display":"DSD - Developmental speech disorder","definition":""},{"code":"1150009","display":"Congenital microcheilia","definition":""},{"code":"1151008","display":"Constricted visual field","definition":""},{"code":"1152001","display":"Skin reaction negative","definition":""},{"code":"1155004","display":"Myocardial hypertrophy","definition":"determined by electrocardiogram"},{"code":"1156003","display":"Cavitary prostatitis","definition":""},{"code":"1168007","display":"Allotype","definition":""},{"code":"1184008","display":"Glasgow coma scale","definition":"10"},{"code":"1192004","display":"Familial amyloid neuropathy","definition":"Finnish type"},{"code":"1194003","display":"Disease condition determination","definition":"well controlled"},{"code":"1196001","display":"Chronic bipolar II disorder","definition":"most recent episode major depressive"},{"code":"1197005","display":"Carbuncle of heel","definition":""},{"code":"1201005","display":"Benign essential hypertension","definition":""},{"code":"1203008","display":"Deep third degree burn of forehead AND/OR cheek with loss of body part","definition":""},{"code":"1207009","display":"Optic disc glaucomatous atrophy","definition":""},{"code":"1208004","display":"Gastroptosis","definition":""},{"code":"1212005","display":"Juvenile dermatomyositis","definition":""},{"code":"1214006","display":"Infection by Strongyloides","definition":""},{"code":"1230003","display":"No diagnosis on Axis 1","definition":""},{"code":"1232006","display":"Congenital articular rigidity with myopathy","definition":""},{"code":"1239002","display":"Congenital anteversion of femoral neck","definition":""},{"code":"1240000","display":"Lying prone","definition":""},{"code":"1259003","display":"Schistosis","definition":""},{"code":"1261007","display":"Multiple fractures of ribs","definition":""},{"code":"1264004","display":"Injury of descending left colon without open wound into abdominal cavity","definition":""},{"code":"1271009","display":"Knuckle pads","definition":"leuconychia and deafness"},{"code":"1280009","display":"Isologous chimera","definition":""},{"code":"1282001","display":"Laryngeal perichondritis","definition":""},{"code":"1283006","display":"Visual acuity less than .02 (1/60","definition":"count fingers 1 meter) or visual field less than 5 degrees"},{"code":"1284000","display":"Abnormal jaw closure","definition":""},{"code":"1286003","display":"Vitamin K deficiency coagulation disorder","definition":""},{"code":"1287007","display":"Congenital absence of bile duct","definition":""},{"code":"1297003","display":"Infection by Cladosporium carrionii","definition":""},{"code":"1308001","display":"Complication of reimplant","definition":""},{"code":"1310004","display":"Impaired glucose tolerance associated with genetic syndrome","definition":""},{"code":"1317001","display":"Injury of ovary without open wound into abdominal cavity","definition":""},{"code":"1318006","display":"Post-translational genetic protein processing","definition":""},{"code":"1323006","display":"Kanamycin poisoning","definition":""},{"code":"1332008","display":"Conjugated visual deviation","definition":""},{"code":"1335005","display":"Peyronies disease","definition":""},{"code":"1343000","display":"DTA - Deep transverse arrest","definition":""},{"code":"1345007","display":"Hang nail","definition":""},{"code":"1351002","display":"Iliac artery injury","definition":""},{"code":"1356007","display":"Calculus of common duct with obstruction","definition":""},{"code":"1361009","display":"Leucocoria","definition":""},{"code":"1363007","display":"Fetal or neonatal effect of chronic maternal respiratory disease","definition":""},{"code":"1367008","display":"Injury of superior mesenteric artery","definition":""},{"code":"1370007","display":"Open fracture of metacarpal bone(s)","definition":""},{"code":"1372004","display":"Unicornate uterus","definition":""},{"code":"1376001","display":"Obsessive compulsive personality disorder","definition":""},{"code":"1378000","display":"Supination-eversion injury of ankle","definition":""},{"code":"1380006","display":"Agoraphobia without history of panic disorder with limited symptom attacks","definition":""},{"code":"1383008","display":"Hallucinogen induced mood disorder","definition":""},{"code":"1384002","display":"Diffuse cholesteatosis of middle ear","definition":""},{"code":"1386000","display":"Intracranial hemorrhage","definition":""},{"code":"1387009","display":"Solanum nigrum poisoning","definition":""},{"code":"1388004","display":"Metabolic alkalosis","definition":""},{"code":"1393001","display":"Lenz-Majewski dysplasia","definition":""},{"code":"1395008","display":"Complication of ultrasound therapy","definition":""},{"code":"1402001","display":"Frightened","definition":""},{"code":"1412008","display":"Anterior subcapsular polar cataract","definition":""},{"code":"1415005","display":"Inflammation of lymphatics","definition":""},{"code":"1418007","display":"Hypoplastic chondrodystrophy","definition":""},{"code":"1419004","display":"Injury of prostate without open wound into abdominal cavity","definition":""},{"code":"1426004","display":"Necrotizing glomerulonephritis","definition":""},{"code":"1427008","display":"Intraspinal abscess","definition":""},{"code":"1430001","display":"Intracranial hemorrhage following injury without open intracranial wound AND with prolonged loss of consciousness (more than 24 hours) without return to pre-existing level","definition":""},{"code":"1447000","display":"Icthyoparasitism","definition":""},{"code":"1469007","display":"Miscarriage with urinary tract infection","definition":""},{"code":"1474004","display":"Hypertensive heart AND renal disease complicating AND/OR reason for care during childbirth","definition":""},{"code":"1475003","display":"Herpes labialis","definition":""},{"code":"1478001","display":"Obliteration of lymphatic vessel","definition":""},{"code":"1479009","display":"20q partial trisomy syndrome","definition":""},{"code":"1482004","display":"Chalazion","definition":""},{"code":"1486001","display":"Orbital congestion","definition":""},{"code":"1488000","display":"PONV - Postoperative nausea and vomiting","definition":""},{"code":"1489008","display":"External hordeolum","definition":""},{"code":"1492007","display":"Congenital anomaly of large intestine","definition":""},{"code":"1493002","display":"Acute endophthalmitis","definition":""},{"code":"1499003","display":"Bipolar I disorder","definition":"single manic episode with postpartum onset"},{"code":"1512006","display":"Congenital stricture of bile duct","definition":""},{"code":"1515008","display":"Gorham disease","definition":""},{"code":"1518005","display":"Splenitis","definition":""},{"code":"1519002","display":"Congenital phlebectasia","definition":""},{"code":"1521007","display":"Blister of buttock without infection","definition":""},{"code":"1523005","display":"Clinical stage IV B","definition":""},{"code":"1525003","display":"Blister of foot without infection","definition":""},{"code":"1531000","display":"Nitrofuran derivative poisoning","definition":""},{"code":"1532007","display":"Viral pharyngitis","definition":""},{"code":"1534008","display":"Palsy of conjugate gaze","definition":""},{"code":"1538006","display":"Central nervous system malformation in foetus affecting obstetrical care","definition":""},{"code":"1539003","display":"Nodular tendinous disease of finger","definition":""},{"code":"1542009","display":"Omphalocele with obstruction","definition":""},{"code":"1544005","display":"Open dislocation of knee","definition":""},{"code":"1551001","display":"Osteomyelitis of femur","definition":""},{"code":"1556006","display":"Clark melanoma level 4","definition":""},{"code":"1563006","display":"Protein S deficiency","definition":""},{"code":"1567007","display":"Chronic gastric ulcer without hemorrhage","definition":"without perforation AND without obstruction"},{"code":"1588003","display":"Heterosexual precocious puberty","definition":""},{"code":"1592005","display":"Failed attempted termination of pregnancy with uremia","definition":""},{"code":"1593000","display":"Infantile hemiplegia","definition":""},{"code":"1606009","display":"Infection caused by Macracanthorhynchus hirudinaceus","definition":""},{"code":"1608005","display":"Increased capillary permeability","definition":""},{"code":"1639007","display":"Abnormality of organs AND/OR soft tissues of pelvis affecting pregnancy","definition":""},{"code":"1647007","display":"Primaquine poisoning","definition":""},{"code":"1648002","display":"Lymphocytic pseudotumor of lung","definition":""},{"code":"1654001","display":"Steroid-induced glaucoma","definition":""},{"code":"1657008","display":"Toxic effect of phosdrin","definition":""},{"code":"1658003","display":"Closed fracture clavicle","definition":"lateral end"},{"code":"1663004","display":"Tumor grade G2","definition":""},{"code":"1667003","display":"Early fontanel closure","definition":""},{"code":"1670004","display":"Cerebral hemiparesis","definition":""},{"code":"1671000","display":"Sago spleen","definition":""},{"code":"1674008","display":"Meesman's epithelial corneal dystrophy","definition":""},{"code":"1679003","display":"Arthritis associated with another disorder","definition":""},{"code":"1682008","display":"Transitory amino acid metabolic disorder","definition":""},{"code":"1685005","display":"Rat-bite fever","definition":""},{"code":"1686006","display":"Sedative","definition":"hypnotic AND/OR anxiolytic-induced anxiety disorder"},{"code":"1694004","display":"Accessory lobe of lung","definition":""},{"code":"1698001","display":"Ulcer of bile duct","definition":""},{"code":"1703007","display":"Increased leg circumference","definition":""},{"code":"1705000","display":"Closed fracture of base of neck of femur","definition":""},{"code":"1708003","display":"Open dislocation of clavicle","definition":""},{"code":"1714005","display":"Photokeratitis","definition":""},{"code":"1717003","display":"Guttate hypomelanosis","definition":""},{"code":"1723008","display":"Urethral stricture due to schistosomiasis","definition":""},{"code":"1724002","display":"Infection caused by Crenosoma","definition":""},{"code":"1734006","display":"Fracture of vertebral column with spinal cord injury","definition":""},{"code":"1735007","display":"Thrill","definition":""},{"code":"1739001","display":"Occipital fracture","definition":""},{"code":"1742007","display":"Female hypererotism","definition":""},{"code":"1744008","display":"Connation of teeth","definition":""},{"code":"1748006","display":"Thrombophlebitis of deep femoral vein","definition":""},{"code":"1755008","display":"Healed coronary","definition":""},{"code":"1761006","display":"Biliary cirrhosis","definition":""},{"code":"1763009","display":"Stromal keratitis","definition":""},{"code":"1767005","display":"Fisher syndrome","definition":""},{"code":"1769008","display":"Thoracodidymus","definition":""},{"code":"1771008","display":"Insulin biosynthesis defect","definition":""},{"code":"1776003","display":"RTA - Renal tubular acidosis","definition":""},{"code":"1777007","display":"Increased molecular dissociation","definition":""},{"code":"1778002","display":"Malocclusion due to abnormal swallowing","definition":""},{"code":"1779005","display":"OFD II - Orofacial-digital syndrome II","definition":""},{"code":"1794009","display":"Idiopathic corneal edema","definition":""},{"code":"1816003","display":"Panic disorder with agoraphobia","definition":"severe agoraphobic avoidance AND mild panic attacks"},{"code":"1821000","display":"Chemoreceptor apnea","definition":""},{"code":"1822007","display":"Impaired glucose tolerance associated with pancreatic disease","definition":""},{"code":"1824008","display":"Allergic gastritis","definition":""},{"code":"1826005","display":"Granuloma of lip","definition":""},{"code":"1828006","display":"Infestation caused by Gasterophilus hemorrhoidalis","definition":""},{"code":"1829003","display":"Microcephalus","definition":""},{"code":"1833005","display":"Phacoanaphylactic endophthalmitis","definition":""},{"code":"1835003","display":"Necrosis of pancreas","definition":""},{"code":"1837006","display":"Orciprenaline poisoning","definition":""},{"code":"1845001","display":"Paraparesis","definition":""},{"code":"1847009","display":"Endophthalmitis","definition":""},{"code":"1848004","display":"Poisoning caused by gaseous anesthetic","definition":""},{"code":"1852004","display":"Traumatic injury of sixth cranial nerve","definition":""},{"code":"1855002","display":"Developmental academic disorder","definition":""},{"code":"1856001","display":"Accessory nose","definition":""},{"code":"1857005","display":"Congenital rubella syndrome","definition":""},{"code":"1858000","display":"Infection caused by Stilesia globipunctata","definition":""},{"code":"1860003","display":"Fluid volume disorder","definition":""},{"code":"1865008","display":"Impaired intestinal protein absorption","definition":""},{"code":"1869002","display":"Rupture of iris sphincter","definition":""},{"code":"1881003","display":"Increased nutritional requirement","definition":""},{"code":"1892002","display":"Star figure at the macula","definition":""},{"code":"1896004","display":"Ectopic breast tissue","definition":""},{"code":"1897008","display":"Amsinckia species poisoning","definition":""},{"code":"1899006","display":"Autosomal hereditary disorder","definition":""},{"code":"1903004","display":"Infestation caused by Psorergates ovis","definition":""},{"code":"1908008","display":"von Willebrand disease","definition":"type IIC"},{"code":"1909000","display":"Impairment level: better eye: severe impairment: lesser eye: near-total impairment","definition":""},{"code":"1922008","display":"Congenital absence of urethra","definition":""},{"code":"1926006","display":"Osteopetrosis","definition":""},{"code":"1938002","display":"Emotional AND/OR mental disease in mother complicating pregnancy","definition":"childbirth AND/OR puerperium"},{"code":"1939005","display":"Abnormal vascular flow","definition":""},{"code":"1943009","display":"Left-right confusion","definition":""},{"code":"1953005","display":"Congenital deficiency of pigment of skin","definition":""},{"code":"1954004","display":"Dilated cardiomyopathy secondary to toxic reaction","definition":""},{"code":"1955003","display":"Preauricular pit","definition":""},{"code":"1959009","display":"Encephalartos species poisoning","definition":""},{"code":"1961000","display":"Chronic polyarticular juvenile rheumatoid arthritis","definition":""},{"code":"1963002","display":"PNH - Paroxysmal nocturnal hemoglobinuria","definition":""},{"code":"1965009","display":"Normal skin pH","definition":""},{"code":"1967001","display":"Congenital absence of forearm only","definition":""},{"code":"1973000","display":"Sedative","definition":"hypnotic AND/OR anxiolytic-induced psychotic disorder with delusions"},{"code":"1977004","display":"Oxymetholone poisoning","definition":""},{"code":"1979001","display":"Focal choroiditis","definition":""},{"code":"1980003","display":"Seromucinous otitis media","definition":""},{"code":"1981004","display":"Urhidrosis","definition":""},{"code":"1988005","display":"Late effect of injury to nerve roots","definition":"spinal plexus AND/OR other nerves of trunk"},{"code":"1989002","display":"Burn of vagina AND/OR uterus","definition":""},{"code":"2004005","display":"Normotensive","definition":""},{"code":"2012002","display":"Fracture of lunate","definition":""},{"code":"2024009","display":"Dilated cardiomyopathy secondary to metazoal myocarditis","definition":""},{"code":"2028007","display":"Erythema induratum","definition":""},{"code":"2032001","display":"Cerebral edema","definition":""},{"code":"2036003","display":"Acquired factor VII deficiency disease","definition":""},{"code":"2040007","display":"Neurogenic thoracic outlet syndrome","definition":""},{"code":"2041006","display":"Eunuchoid gigantism","definition":""},{"code":"2043009","display":"Alcoholic gastritis","definition":""},{"code":"2053005","display":"Late effect of injury to blood vessels of thorax","definition":"abdomen AND/OR pelvis"},{"code":"2055003","display":"Recurrent erosion syndrome","definition":""},{"code":"2058001","display":"Bilateral loss of labyrinthine reactivity","definition":""},{"code":"2061000","display":"Conductive hearing loss of combined sites","definition":""},{"code":"2065009","display":"Autosomal dominant optic atrophy","definition":""},{"code":"2066005","display":"Gastric ulcer with hemorrhage AND perforation but without obstruction","definition":""},{"code":"2070002","display":"Burning sensation in eye","definition":""},{"code":"2073000","display":"Delusions","definition":""},{"code":"2087000","display":"Pulmonary nocardiosis","definition":""},{"code":"2089002","display":"Pagets disease of bone","definition":""},{"code":"2091005","display":"Pharyngeal diverticulitis","definition":""},{"code":"2094002","display":"Carbon disulfide causing toxic effect","definition":""},{"code":"2102007","display":"Deep corneal vascularization","definition":""},{"code":"2103002","display":"Reflex sympathetic dystrophy of upper extremity","definition":""},{"code":"2107001","display":"Anisomelia","definition":""},{"code":"2109003","display":"Isolated somatotropin deficiency","definition":""},{"code":"2114004","display":"Infection caused by Cysticercus pisiformis","definition":""},{"code":"2116002","display":"Intramembranous bone formation","definition":""},{"code":"2120003","display":"Weak cry","definition":""},{"code":"2121004","display":"Ethopropazine poisoning","definition":""},{"code":"2128005","display":"Disorder of adenoid","definition":""},{"code":"2129002","display":"Edema of pharynx","definition":""},{"code":"2132004","display":"Meconium in amniotic fluid noted before labor in liveborn infant","definition":""},{"code":"2134003","display":"Diffuse pain","definition":""},{"code":"2136001","display":"Open wound of jaw with complication","definition":""},{"code":"2138000","display":"LSP - Left sacroposterior position","definition":""},{"code":"2145000","display":"Anal intercourse","definition":""},{"code":"2149006","display":"Decreased hormone production","definition":""},{"code":"2158004","display":"Infection caused by Contracaecum","definition":""},{"code":"2167004","display":"Retinal hemangioblastomatosis","definition":""},{"code":"2169001","display":"Thoracic radiculitis","definition":""},{"code":"2170000","display":"Gallop rhythm","definition":""},{"code":"2176006","display":"Halogen acne","definition":""},{"code":"2177002","display":"PHN - Post-herpetic neuralgia","definition":""},{"code":"2186007","display":"Compensated metabolic alkalosis","definition":""},{"code":"2198002","display":"Visceral epilepsy","definition":""},{"code":"2202000","display":"Open posterior dislocation of distal end of femur","definition":""},{"code":"2204004","display":"Acquired deformity of pinna","definition":""},{"code":"2213002","display":"Congenital anomaly of vena cava","definition":""},{"code":"2216005","display":"Nocturnal emission","definition":""},{"code":"2217001","display":"Superficial injury of perineum without infection","definition":""},{"code":"2219003","display":"Disability evaluation","definition":"disability 100%"},{"code":"2224000","display":"Selenium poisoning","definition":""},{"code":"2228002","display":"Scintillating scotoma","definition":""},{"code":"2229005","display":"Chimera","definition":""},{"code":"2231001","display":"Nerve plexus disorder","definition":""},{"code":"2237002","display":"Painful breathing -pleurodynia","definition":""},{"code":"2239004","display":"Previous pregnancies 6","definition":""},{"code":"2241003","display":"X-linked absence of thyroxine-binding globulin","definition":""},{"code":"2243000","display":"Hypercalcemia due to hyperthyroidism","definition":""},{"code":"2245007","display":"Foreign body in nasopharynx","definition":""},{"code":"2251002","display":"Primary hypotony of eye","definition":""},{"code":"2256007","display":"Monovular twins","definition":""},{"code":"2261009","display":"Obstetrical pulmonary fat embolism","definition":""},{"code":"2268003","display":"Victim of homosexual aggression","definition":""},{"code":"2284002","display":"Pulsating exophthalmos","definition":""},{"code":"2295008","display":"Closed fracture of upper end of forearm","definition":""},{"code":"2296009","display":"Iron dextran toxicity","definition":""},{"code":"2298005","display":"Focal facial dermal dysplasia","definition":""},{"code":"2301009","display":"Psychosomatic factor in physical condition","definition":"psychological component of unknown degree"},{"code":"2303007","display":"Inguinal hernia with gangrene","definition":""},{"code":"2304001","display":"Intervertebral discitis","definition":""},{"code":"2307008","display":"Peripancreatic fat necrosis","definition":""},{"code":"2308003","display":"Silent alleles","definition":""},{"code":"2312009","display":"Reactive attachment disorder of infancy OR early childhood","definition":"inhibited type"},{"code":"2314005","display":"Unprotected intercourse","definition":""},{"code":"2326000","display":"Marriage annulment","definition":""},{"code":"2339001","display":"Sexual overexposure","definition":""},{"code":"2341000","display":"Infection caused by Moniliformis","definition":""},{"code":"2351004","display":"Genetic transduction","definition":""},{"code":"2355008","display":"Rud syndrome","definition":""},{"code":"2359002","display":"Hyper-beta-alaninemia","definition":""},{"code":"2365002","display":"Simple chronic pharyngitis","definition":""},{"code":"2366001","display":"Late effect of dislocation","definition":""},{"code":"2367005","display":"Acute hemorrhagic gastritis","definition":""},{"code":"2374000","display":"Monofascicular block","definition":""},{"code":"2385003","display":"Cellulitis of pectoral region","definition":""},{"code":"2388001","display":"Normal variation in translucency","definition":""},{"code":"2390000","display":"Acute gonococcal vulvovaginitis","definition":""},{"code":"2391001","display":"Achondrogenesis","definition":""},{"code":"2396006","display":"Malignant pyoderma","definition":""},{"code":"2398007","display":"Quinidine toxicity by electrocardiogram","definition":""},{"code":"2403008","display":"Dependence syndrome","definition":""},{"code":"2415007","display":"Lumbosacral root lesion","definition":""},{"code":"2418009","display":"Polyester fume causing toxic effect","definition":""},{"code":"2419001","display":"Open wound of forehead with complication","definition":""},{"code":"2420007","display":"Third degree burn of multiple sites of upper limb","definition":""},{"code":"2432006","display":"Cerebrospinal fluid circulation disorder","definition":""},{"code":"2435008","display":"Ascaridiasis","definition":""},{"code":"2437000","display":"Placenta circumvallata","definition":""},{"code":"2438005","display":"Iniencephaly","definition":""},{"code":"2439002","display":"Purulent endocarditis","definition":""},{"code":"2443003","display":"Hydrogen sulfide poisoning","definition":""},{"code":"2452007","display":"Fetal rotation","definition":""},{"code":"2463005","display":"Acquired heterochromia of iris","definition":""},{"code":"2469009","display":"Onychomalacia","definition":""},{"code":"2470005","display":"Brain damage","definition":""},{"code":"2471009","display":"Intra-abdominal abscess postprocedure","definition":""},{"code":"2472002","display":"Passes no urine","definition":""},{"code":"2473007","display":"Intermittent vertical squint","definition":""},{"code":"2477008","display":"Superficial phlebitis","definition":""},{"code":"2492009","display":"Disorder of nutrition","definition":""},{"code":"2495006","display":"Congenital cerebral arteriovenous aneurysm","definition":""},{"code":"2496007","display":"Acalculia","definition":""},{"code":"2506003","display":"Early onset dysthymia","definition":""},{"code":"2513003","display":"Tinea capitis caused by Trichophyton","definition":""},{"code":"2518007","display":"Cryptogenic sexual precocity","definition":""},{"code":"2521009","display":"Bone conduction better than air","definition":""},{"code":"2523007","display":"Salmonella pneumonia","definition":""},{"code":"2526004","display":"Noninflammatory disorder of the female genital organs","definition":""},{"code":"2528003","display":"Viremia","definition":""},{"code":"2532009","display":"Choroidal rupture","definition":""},{"code":"2534005","display":"Congenital absence of vena cava","definition":""},{"code":"2538008","display":"Ketosis","definition":""},{"code":"2541004","display":"Compulsive buying","definition":""},{"code":"2554006","display":"Acute purulent pericarditis","definition":""},{"code":"2556008","display":"Disease of supporting structures of teeth","definition":""},{"code":"2560006","display":"Complex syndactyly of fingers","definition":""},{"code":"2562003","display":"Athanasia trifurcata poisoning","definition":""},{"code":"2576002","display":"Trachoma","definition":""},{"code":"2581006","display":"Clasp knife rigidity","definition":""},{"code":"2582004","display":"Deep third degree burn of multiple sites of lower limb","definition":""},{"code":"2583009","display":"Filigreed network of venous valves","definition":""},{"code":"2584003","display":"Cerebral degeneration in childhood","definition":""},{"code":"2585002","display":"Pneumococcal pleurisy","definition":""},{"code":"2589008","display":"Acute dacryoadenitis","definition":""},{"code":"2591000","display":"Crush injury of shoulder region","definition":""},{"code":"2593002","display":"Dubowitz syndrome","definition":""},{"code":"2602008","display":"Hemarthrosis of shoulder","definition":""},{"code":"2606006","display":"Boil of perineum","definition":""},{"code":"2615004","display":"Graafian follicle cyst","definition":""},{"code":"2618002","display":"Chronic recurrent major depressive disorder","definition":""},{"code":"2622007","display":"Infected ulcer of skin","definition":""},{"code":"2624008","display":"Prepubertal periodontitis","definition":""},{"code":"2625009","display":"Senter syndrome","definition":""},{"code":"2630008","display":"Open wound of finger without complication","definition":""},{"code":"2634004","display":"Decreased blood erythrocyte volume","definition":""},{"code":"2638001","display":"Hypercalcemia caused by a drug","definition":""},{"code":"2640006","display":"Clinical stage 4","definition":""},{"code":"2651006","display":"Closed traumatic dislocation of elbow joint","definition":""},{"code":"2655002","display":"Invalidism","definition":""},{"code":"2657005","display":"Overflow proteinuria","definition":""},{"code":"2663001","display":"Palpatory proteinuria","definition":""},{"code":"2665008","display":"Coordinate convulsion","definition":""},{"code":"2683000","display":"Nonvenomous insect bite of axilla without infection","definition":""},{"code":"2689001","display":"Dominant dystrophic epidermolysis bullosa with absence of skin","definition":""},{"code":"2694001","display":"Myelophthisic anemia","definition":""},{"code":"2704003","display":"Acute disease","definition":""},{"code":"2707005","display":"Necrotizing enterocolitis","definition":""},{"code":"2713001","display":"Closed pneumothorax","definition":""},{"code":"2724004","display":"Auditory recruitment","definition":""},{"code":"2725003","display":"Previous abnormality of glucose tolerance","definition":""},{"code":"2733002","display":"Heel pain","definition":""},{"code":"2736005","display":"Honeycomb atrophy of face","definition":""},{"code":"2740001","display":"Gouty proteinuria","definition":""},{"code":"2749000","display":"Congenital deformity of hip","definition":""},{"code":"2751001","display":"Fibrocalculous pancreatic diabetes","definition":""},{"code":"2761008","display":"Decreased stool caliber","definition":""},{"code":"2764000","display":"Joint crackle","definition":""},{"code":"2770006","display":"Fetal or neonatal effect of antibiotic transmitted via placenta and/or breast milk","definition":""},{"code":"2772003","display":"Epidermolysis bullosa acquisita","definition":""},{"code":"2775001","display":"Intra-articular loose body","definition":""},{"code":"2776000","display":"Organic brain syndrome","definition":""},{"code":"2781009","display":"Miscarriage complicated by delayed and/or excessive hemorrhage","definition":""},{"code":"2782002","display":"Temporomandibular dysplasia","definition":""},{"code":"2783007","display":"Gastrojejunal ulcer without hemorrhage AND without perforation","definition":""},{"code":"2786004","display":"Epithelial ovarian tumor","definition":"International Federation of Gynecology and Obstetrics stage III"},{"code":"2790002","display":"Impairment level: one eye: total impairment: other eye: not specified","definition":""},{"code":"2805007","display":"Phosmet poisoning","definition":""},{"code":"2806008","display":"Impaired psychomotor development","definition":""},{"code":"2807004","display":"Chronic gastrojejunal ulcer with perforation","definition":""},{"code":"2808009","display":"Infection caused by Prosthenorchis elegans","definition":""},{"code":"2815001","display":"Sexual pyromania","definition":""},{"code":"2816000","display":"Dilated cardiomyopathy secondary to myotonic dystrophy","definition":""},{"code":"2818004","display":"Congenital vascular anomaly of eye","definition":""},{"code":"2819007","display":"Magnesium sulfate poisoning","definition":""},{"code":"2825006","display":"Abrasion and/or friction burn of gum without infection","definition":""},{"code":"2828008","display":"Congenital stenosis of nares","definition":""},{"code":"2829000","display":"Uhl disease","definition":""},{"code":"2831009","display":"Pyloric antral vascular ectasia","definition":""},{"code":"2835000","display":"Hemolytic anemia due to cardiac trauma","definition":""},{"code":"2836004","display":"Butane causing toxic effect","definition":""},{"code":"2838003","display":"Piblokto","definition":""},{"code":"2840008","display":"Open fracture of vault of skull with cerebral laceration AND/OR contusion","definition":""},{"code":"2850009","display":"Infection caused by Schistosoma incognitum","definition":""},{"code":"2853006","display":"Macular keratitis","definition":""},{"code":"2856003","display":"Vitamin A-responsive dermatosis","definition":""},{"code":"2858002","display":"Postpartum sepsis","definition":""},{"code":"2884008","display":"Spherophakia-brachymorphia syndrome","definition":""},{"code":"2893009","display":"Anomaly of chromosome pair 10","definition":""},{"code":"2897005","display":"Immune thrombocytopenia","definition":""},{"code":"2899008","display":"Thought blocking","definition":""},{"code":"2900003","display":"Fibromuscular dysplasia of renal artery","definition":""},{"code":"2901004","display":"Altered blood passed per rectum","definition":""},{"code":"2902006","display":"Decreased lymphocyte life span","definition":""},{"code":"2904007","display":"Male infertility","definition":""},{"code":"2910007","display":"Discharge from penis","definition":""},{"code":"2912004","display":"Cystic-bullous disease of the lung","definition":""},{"code":"2917005","display":"Transient hypothyroidism","definition":""},{"code":"2918000","display":"Infection caused by Bacteroides","definition":""},{"code":"2919008","display":"Nausea","definition":"vomiting and diarrhea"},{"code":"2929001","display":"Arterial occlusion","definition":""},{"code":"2935001","display":"Antiasthmatic poisoning","definition":""},{"code":"2940009","display":"Intrabasal vesicular dermatitis","definition":""},{"code":"2946003","display":"Osmotic diarrhea","definition":""},{"code":"2951009","display":"Atopic cataract","definition":""},{"code":"2955000","display":"Chronic ulcerative pulpitis","definition":""},{"code":"2965006","display":"Nevoid congenital alopecia","definition":""},{"code":"2967003","display":"Non-comitant strabismus","definition":""},{"code":"2972007","display":"Occlusion of anterior spinal artery","definition":""},{"code":"2973002","display":"Pelvic organ injury without open wound into abdominal cavity","definition":""},{"code":"2978006","display":"Aneurysm of conjunctiva","definition":""},{"code":"2981001","display":"Pulsatile mass of abdomen","definition":""},{"code":"2989004","display":"Complication following molar AND/OR ectopic pregnancy","definition":""},{"code":"2990008","display":"Lymphocytic leukemoid reaction","definition":""},{"code":"2992000","display":"Pigmentary pallidal degeneration","definition":""},{"code":"2994004","display":"Brain fag","definition":""},{"code":"2999009","display":"Injury of ear region","definition":""},{"code":"3002002","display":"Thyroid hemorrhage","definition":""},{"code":"3004001","display":"Congenital dilatation of esophagus","definition":""},{"code":"3006004","display":"Altered consciousness","definition":""},{"code":"3009006","display":"Solanum malacoxylon poisoning","definition":""},{"code":"3013004","display":"Open wound of ear drum without complication","definition":""},{"code":"3014005","display":"Autoeczematization","definition":""},{"code":"3018008","display":"Penetration of eyeball with magnetic foreign body","definition":""},{"code":"3019000","display":"Closed anterior dislocation of elbow","definition":""},{"code":"3021005","display":"Normal gastric acidity","definition":""},{"code":"3023008","display":"Acute peptic ulcer without hemorrhage","definition":"without perforation AND without obstruction"},{"code":"3032005","display":"Nonvenomous insect bite of cheek without infection","definition":""},{"code":"3033000","display":"Bone AND/OR joint disorder of pelvis in mother complicating pregnancy","definition":"childbirth AND/OR puerperium"},{"code":"3038009","display":"Acute lymphangitis of umbilicus","definition":""},{"code":"3044008","display":"Vitreous prolapse","definition":""},{"code":"3053001","display":"Poisoning caused by nitroglycerin","definition":""},{"code":"3059002","display":"Acute lymphangitis of thigh","definition":""},{"code":"3067005","display":"Weak C phenotype","definition":""},{"code":"3071008","display":"Widow","definition":""},{"code":"3072001","display":"Hormone-induced hypopituitarism","definition":""},{"code":"3073006","display":"Ruvalcaba syndrome","definition":""},{"code":"3084004","display":"Nonvenomous insect bite of gum without infection","definition":""},{"code":"3089009","display":"Disability evaluation","definition":"impairment"},{"code":"3094009","display":"Vomiting in infants AND/OR children","definition":""},{"code":"3095005","display":"Induced malaria","definition":""},{"code":"3097002","display":"Superficial injury of lip with infection","definition":""},{"code":"3098007","display":"Ventricular septal rupture","definition":""},{"code":"3105002","display":"Intron","definition":""},{"code":"3109008","display":"Secondary dysthymia early onset","definition":""},{"code":"3110003","display":"AOM - Acute otitis media","definition":""},{"code":"3119002","display":"Brain stem laceration with open intracranial wound AND loss of consciousness","definition":""},{"code":"3129009","display":"Infarction of ovary","definition":""},{"code":"3135009","display":"OE - Otitis externa","definition":""},{"code":"3140001","display":"Citrullinemia","definition":"subacute type"},{"code":"3144005","display":"Staphylococcal pleurisy","definition":""},{"code":"3158007","display":"Panic disorder with agoraphobia","definition":"agoraphobic avoidance in partial remission AND panic attacks in partial remission"},{"code":"3160009","display":"Infertility of cervical origin","definition":""},{"code":"3163006","display":"Acute adenoviral follicular conjunctivitis","definition":""},{"code":"3168002","display":"Thrombophlebitis of intracranial venous sinus","definition":""},{"code":"3185000","display":"Mood-congruent delusion","definition":""},{"code":"3199001","display":"Sprain of shoulder joint","definition":""},{"code":"3200003","display":"Sacrocoxalgia","definition":""},{"code":"3208005","display":"Open wound of ossicles without complication","definition":""},{"code":"3214003","display":"Invasive pulmonary aspergillosis","definition":""},{"code":"3217005","display":"Open dislocation of sixth cervical vertebra","definition":""},{"code":"3218000","display":"Mycotic disease","definition":""},{"code":"3219008","display":"Disease type AND/OR category unknown","definition":""},{"code":"3228009","display":"Closed fracture of the radial shaft","definition":""},{"code":"3229001","display":"Tracheal ulcer","definition":""},{"code":"3230006","display":"Illegal termination of pregnancy with afibrinogenemia","definition":""},{"code":"3238004","display":"Pericarditis","definition":""},{"code":"3239007","display":"Lymphocyte disorder","definition":""},{"code":"3253007","display":"Dyschromia","definition":""},{"code":"3254001","display":"Infection caused by Strongyloides westeri","definition":""},{"code":"3259006","display":"Homeria species poisoning","definition":""},{"code":"3261002","display":"Migratory osteolysis","definition":""},{"code":"3263004","display":"Verumontanitis","definition":""},{"code":"3272007","display":"Stomatocytosis","definition":""},{"code":"3274008","display":"Flat chest","definition":""},{"code":"3275009","display":"Behcet syndrome","definition":"vascular type"},{"code":"3276005","display":"Toad poisoning","definition":""},{"code":"3277001","display":"Terminal mood insomnia","definition":""},{"code":"3282008","display":"Arc eye","definition":""},{"code":"3283003","display":"Feeling of sand or foreign body in eye","definition":""},{"code":"3286006","display":"Patient status determination","definition":"greatly improved"},{"code":"3289004","display":"Anisometropia","definition":""},{"code":"3291007","display":"Closed fracture of two ribs","definition":""},{"code":"3298001","display":"Amnestic syndrome","definition":""},{"code":"3303004","display":"Disease caused by Arenavirus","definition":""},{"code":"3304005","display":"Bronchial compression","definition":""},{"code":"3305006","display":"Disorder of lymphatic vessel","definition":""},{"code":"3308008","display":"Atrophic-hyperplastic gastritis","definition":""},{"code":"3310005","display":"Foreign body granuloma of skin","definition":""},{"code":"3321001","display":"Renal abscess","definition":""},{"code":"3323003","display":"Leukoplakia of penis","definition":""},{"code":"3327002","display":"Acquired jerk nystagmus","definition":""},{"code":"3331008","display":"Open fracture of neck of metacarpal bone","definition":""},{"code":"3344003","display":"Toxic labyrinthitis","definition":""},{"code":"3345002","display":"Idiopathic osteoporosis","definition":""},{"code":"3355003","display":"Anti-common cold drug poisoning","definition":""},{"code":"3358001","display":"Lichen ruber moniliformis","definition":""},{"code":"3368006","display":"Dull chest pain","definition":""},{"code":"3376008","display":"Pseudoptyalism","definition":""},{"code":"3381004","display":"Open fracture of astragalus","definition":""},{"code":"3387000","display":"Auditory discrimination aphasia","definition":""},{"code":"3391005","display":"Negative for tumor cells","definition":""},{"code":"3393008","display":"Phlebitis following infusion","definition":"perfusion AND/OR transfusion"},{"code":"3398004","display":"Cadmium poisoning","definition":""},{"code":"3401001","display":"Cercopithecus herpesvirus 1 disease","definition":""},{"code":"3415004","display":"Cyanosis","definition":""},{"code":"3419005","display":"Faucial diphtheria","definition":""},{"code":"3421000","display":"Open blow-out fracture orbit","definition":""},{"code":"3424008","display":"Heart rate fast","definition":""},{"code":"3426005","display":"Retained magnetic intraocular foreign body","definition":""},{"code":"3427001","display":"Nonglucosuric melituria","definition":""},{"code":"3434004","display":"Myotonia","definition":""},{"code":"3439009","display":"Severe combined immunodeficiency (SCID) due to absent peripheral T cell maturation","definition":""},{"code":"3441005","display":"Disorder of sebaceous gland","definition":""},{"code":"3446000","display":"Open fracture of T7-T12 level with spinal cord injury","definition":""},{"code":"3449007","display":"Finger agnosia","definition":""},{"code":"3456001","display":"Chronic progressive non-hereditary chorea","definition":""},{"code":"3458000","display":"Myositis ossificans associated with dermato / polymyositis","definition":""},{"code":"3461004","display":"Deep third degree burn of thumb","definition":""},{"code":"3464007","display":"Infection caused by Oesophagostomum dentatum","definition":""},{"code":"3468005","display":"Neonatal infective mastitis","definition":""},{"code":"3469002","display":"Partial thickness burn of thumb","definition":""},{"code":"3472009","display":"Spondylolisthesis","definition":"grade 4"},{"code":"3474005","display":"Glycine max poisoning","definition":""},{"code":"3480002","display":"Burn of wrist","definition":""},{"code":"3482005","display":"Postoperative esophagitis","definition":""},{"code":"3483000","display":"Chronic peptic ulcer with perforation","definition":""},{"code":"3487004","display":"Pulmonary candidiasis","definition":""},{"code":"3500002","display":"Open wound of ossicles with complication","definition":""},{"code":"3502005","display":"Cervical lymphadenitis","definition":""},{"code":"3503000","display":"Gender identity disorder of adolescence","definition":"previously asexual"},{"code":"3505007","display":"Nonallopathic lesion of the arm","definition":""},{"code":"3506008","display":"Stenosis of retinal artery","definition":""},{"code":"3507004","display":"Abscess of thigh","definition":""},{"code":"3511005","display":"Infectious thyroiditis","definition":""},{"code":"3514002","display":"Peribronchial fibrosis of lung","definition":""},{"code":"3519007","display":"Disorder of synovium","definition":""},{"code":"3528008","display":"Restricted carbohydrate fat controlled diet","definition":""},{"code":"3529000","display":"Infection caused by Sanguinicola","definition":""},{"code":"3530005","display":"Bipolar 1 disorder","definition":"single manic episode"},{"code":"3531009","display":"Intrapsychic conflict","definition":""},{"code":"3533007","display":"Acute palmoplantar pustular psoriasis","definition":""},{"code":"3539006","display":"Enteromenia","definition":""},{"code":"3542000","display":"Laceration extending into parenchyma of spleen with open wound into abdominal cavity","definition":""},{"code":"3544004","display":"Hair-splitting","definition":""},{"code":"3545003","display":"Diastolic dysfunction","definition":""},{"code":"3548001","display":"Brachial plexus disorder","definition":""},{"code":"3549009","display":"Pancreatic acinar atrophy","definition":""},{"code":"3558002","display":"Mesenteric infarction","definition":""},{"code":"3560000","display":"Bilateral recurrent inguinal hernia","definition":""},{"code":"3570003","display":"Increased blood erythrocyte volume","definition":""},{"code":"3571004","display":"Megaloblastic anemia due to pancreatic insufficiency","definition":""},{"code":"3577000","display":"Lattice retinal degeneration","definition":""},{"code":"3585009","display":"Blinking","definition":""},{"code":"3586005","display":"Psychogenic fugue","definition":""},{"code":"3589003","display":"Syphilitic pericarditis","definition":""},{"code":"3590007","display":"Enteroenteric fistula","definition":""},{"code":"3591006","display":"Metabolic acidosis","definition":"normal anion gap"},{"code":"3598000","display":"Partial recent retinal detachment with single defect","definition":""},{"code":"3611003","display":"Demeton poisoning","definition":""},{"code":"3633001","display":"Abscess of hand","definition":""},{"code":"3634007","display":"Legal termination of pregnancy complicated by metabolic disorder","definition":""},{"code":"3639002","display":"Glossoptosis","definition":""},{"code":"3640000","display":"Late effect of traumatic amputation","definition":""},{"code":"3641001","display":"Infection caused by Coenurosis serialis","definition":""},{"code":"3642008","display":"Steryl-sulfate sulfohydrolase deficiency","definition":""},{"code":"3644009","display":"Macerated skin","definition":""},{"code":"3649004","display":"Contusion","definition":"multiple sites of trunk"},{"code":"3650004","display":"Congenital absence of liver","definition":"total"},{"code":"3652007","display":"Overproduction of growth hormone","definition":""},{"code":"3657001","display":"Osteospermum species poisoning","definition":""},{"code":"3660008","display":"Lethal glossopharyngeal defect","definition":""},{"code":"3662000","display":"Rolling hiatus hernia","definition":""},{"code":"3677008","display":"Academic problem","definition":""},{"code":"3680009","display":"Monocephalus tripus dibrachius","definition":""},{"code":"3681008","display":"Thrombophlebitis of torcular Herophili","definition":""},{"code":"3696007","display":"Functional dyspepsia","definition":""},{"code":"3699000","display":"Transverse deficiency of arm","definition":""},{"code":"3703002","display":"Ischiatic hernia with gangrene","definition":""},{"code":"3704008","display":"Diffuse endocapillary proliferative glomerulonephritis","definition":""},{"code":"3705009","display":"Congenital malformation of anterior chamber of eye","definition":""},{"code":"3712000","display":"Degenerated eye","definition":""},{"code":"3716002","display":"Thyroid goiter","definition":""},{"code":"3720003","display":"Abnormal presence of hemoglobin","definition":""},{"code":"3723001","display":"Joint inflammation","definition":""},{"code":"3733009","display":"Congenital eventration of right crus of diaphragm","definition":""},{"code":"3736001","display":"Open wound of thumbnail with tendon involvement","definition":""},{"code":"3738000","display":"VH - Viral hepatitis","definition":""},{"code":"3744001","display":"Hyperlipoproteinemia","definition":""},{"code":"3745000","display":"Sleep rhythm problem","definition":""},{"code":"3747008","display":"EC - Ejection click","definition":""},{"code":"3750006","display":"Arteriospasm","definition":""},{"code":"3751005","display":"Contusion of labium","definition":""},{"code":"3752003","display":"Infection by Trichuris","definition":""},{"code":"3754002","display":"Dysplasia of vagina","definition":""},{"code":"3755001","display":"PRP - Pityriasis rubra pilaris","definition":""},{"code":"3756000","display":"Static ataxia","definition":""},{"code":"3759007","display":"Injury of heart with open wound into thorax","definition":""},{"code":"3760002","display":"Familial multiple factor deficiency syndrome","definition":"type V"},{"code":"3762005","display":"Bilateral recurrent femoral hernia with gangrene","definition":""},{"code":"3763000","display":"Expected bereavement due to life event","definition":""},{"code":"3783004","display":"Enamel pearls","definition":""},{"code":"3797007","display":"Periodontal cyst","definition":""},{"code":"3798002","display":"Premature birth of identical twins","definition":"both stillborn"},{"code":"3815005","display":"Crohn disease of rectum","definition":""},{"code":"3820005","display":"Inner ear conductive hearing loss","definition":""},{"code":"3827008","display":"Aneurysm of artery of neck","definition":""},{"code":"3830001","display":"Subcutaneous emphysema","definition":""},{"code":"3841004","display":"Blister of cheek with infection","definition":""},{"code":"3845008","display":"Duplication of intestine","definition":""},{"code":"3855007","display":"Disorder of pancreas","definition":""},{"code":"3859001","display":"Late effect of open wound of extremities without tendon injury","definition":""},{"code":"3873005","display":"Failed attempted termination of pregnancy with acute necrosis of liver","definition":""},{"code":"3885002","display":"ABO isoimmunization in pregnancy","definition":""},{"code":"3886001","display":"Congenital fecaliths","definition":""},{"code":"3899003","display":"Neutropenic typhlitis","definition":""},{"code":"3900008","display":"Mixed sensory-motor polyneuropathy","definition":""},{"code":"3902000","display":"Non dose-related drug-induced neutropenia","definition":""},{"code":"3903005","display":"Closed traumatic pneumothorax","definition":""},{"code":"3908001","display":"Infestation caused by Haematopinus","definition":""},{"code":"3909009","display":"Coeur en sabot","definition":""},{"code":"3913002","display":"Injury of gastrointestinal tract with open wound into abdominal cavity","definition":""},{"code":"3914008","display":"Mental disorder in childhood","definition":""},{"code":"3928002","display":"Zika virus disease","definition":""},{"code":"3939004","display":"Bacterial colony density","definition":"transparent"},{"code":"3944006","display":"X-linked placental steryl-sulfatase deficiency","definition":""},{"code":"3947004","display":"High oxygen affinity hemoglobin polycythemia","definition":""},{"code":"3950001","display":"Birth","definition":""},{"code":"3951002","display":"Proctitis","definition":""},{"code":"3972004","display":"Idiopathic insomnia","definition":""},{"code":"3975002","display":"Deep third degree burn of lower limb","definition":""},{"code":"3978000","display":"AIHA - Warm autoimmune hemolytic anemia","definition":""},{"code":"3987009","display":"Congenital absence of trachea","definition":""},{"code":"3993001","display":"Infection caused by Muellerius","definition":""},{"code":"3999002","display":"Acute pyelitis without renal medullary necrosis","definition":""},{"code":"4003003","display":"Alphavirus disease","definition":""},{"code":"4004009","display":"Monster with cranial anomalies","definition":""},{"code":"4006006","display":"Foetal tachycardia affecting management of mother","definition":""},{"code":"4009004","display":"Lower urinary tract infection","definition":""},{"code":"4016003","display":"Empyema of mastoid","definition":""},{"code":"4017007","display":"Increased stratum corneum adhesiveness","definition":""},{"code":"4022007","display":"Vulvitis circumscripta plasmacellularis","definition":""},{"code":"4026005","display":"Interstitial mastitis associated with childbirth","definition":""},{"code":"4030008","display":"Le Dantec virus disease","definition":""},{"code":"4038001","display":"Myrotheciotoxicosis","definition":""},{"code":"4039009","display":"Multiple vitamin deficiency disease","definition":""},{"code":"4040006","display":"Hassall-Henle bodies","definition":""},{"code":"4041005","display":"Congenital anomaly of macula","definition":""},{"code":"4046000","display":"Degenerative spondylolisthesis","definition":""},{"code":"4062006","display":"Lumbosacral plexus lesion","definition":""},{"code":"4063001","display":"Achillodynia","definition":""},{"code":"4069002","display":"Anoxic brain damage during AND/OR resulting from a procedure","definition":""},{"code":"4070001","display":"Palinphrasia","definition":""},{"code":"4075006","display":"Peganum harmala poisoning","definition":""},{"code":"4082005","display":"Syphilitic myocarditis","definition":""},{"code":"4088009","display":"Acquired hydrocephalus","definition":""},{"code":"4089001","display":"Meningococcemia","definition":""},{"code":"4092002","display":"Nonallopathic lesion of costovertebral region","definition":""},{"code":"4103001","display":"Complex partial seizure","definition":""},{"code":"4106009","display":"Rotator cuff rupture","definition":""},{"code":"4107000","display":"Infertile male syndrome","definition":""},{"code":"4113009","display":"Arrested hydrocephalus","definition":""},{"code":"4120002","display":"Bronchiolitis","definition":""},{"code":"4124006","display":"Insect bite","definition":"nonvenomous"},{"code":"4127004","display":"Prostatic obstruction","definition":""},{"code":"4129001","display":"Argyll-Robertson pupil","definition":""},{"code":"4135001","display":"11p partial monosomy syndrome","definition":""},{"code":"4136000","display":"Macrodactylia of toes","definition":""},{"code":"4142001","display":"Muscular asthenopia","definition":""},{"code":"4152002","display":"Acquired hypoprothrombinemia","definition":""},{"code":"4160001","display":"Congenital anomaly of upper respiratory system","definition":""},{"code":"4168008","display":"Tibial plateau chondromalacia","definition":""},{"code":"4170004","display":"Ehlers-Danlos syndrome","definition":"procollagen proteinase resistant"},{"code":"4174008","display":"Tripartite placenta","definition":""},{"code":"4175009","display":"Infestation by Estrus","definition":""},{"code":"4178006","display":"Partial recent retinal detachment with multiple defects","definition":""},{"code":"4181001","display":"Normal peak expiratory flow rate","definition":""},{"code":"4183003","display":"Charcot-Marie-Tooth disease","definition":"type IC"},{"code":"4184009","display":"Congenital malformation of the endocrine glands","definition":""},{"code":"4191007","display":"Scaphoid head","definition":""},{"code":"4195003","display":"Duplication of anus","definition":""},{"code":"4197006","display":"Disability evaluation","definition":"impairment"},{"code":"4199009","display":"18p partial trisomy syndrome","definition":""},{"code":"4208000","display":"Closed multiple fractures of both lower limbs","definition":""},{"code":"4210003","display":"OH - Ocular hypertension","definition":""},{"code":"4223005","display":"Parkinsonism caused by drug","definition":""},{"code":"4224004","display":"Complication of infusion","definition":""},{"code":"4225003","display":"Nasal tuberculosis","definition":""},{"code":"4229009","display":"Phthisical eye","definition":""},{"code":"4232007","display":"Chronic vulvitis","definition":""},{"code":"4237001","display":"Suppurative pulpitis","definition":""},{"code":"4240001","display":"Rupture of aorta","definition":""},{"code":"4241002","display":"Listeria infection","definition":""},{"code":"4242009","display":"18q partial monosomy syndrome","definition":""},{"code":"4244005","display":"Urticaria neonatorum","definition":""},{"code":"4248008","display":"Synovitis AND/OR tenosynovitis associated with another disease","definition":""},{"code":"4249000","display":"Poor peripheral circulation","definition":""},{"code":"4251001","display":"Internal eye sign","definition":""},{"code":"4260009","display":"Sacral spinal cord injury without bone injury","definition":""},{"code":"4262001","display":"Phlebitis of superior sagittal sinus","definition":""},{"code":"4264000","display":"Chronic pericoronitis","definition":""},{"code":"4269005","display":"Chronic gastrojejunal ulcer without hemorrhage AND without perforation","definition":""},{"code":"4273008","display":"Closed posterior dislocation of elbow","definition":""},{"code":"4275001","display":"Conjugate gaze spasm","definition":""},{"code":"4278004","display":"Superficial foreign body of axilla without major open wound but with infection","definition":""},{"code":"4283007","display":"Mirizzi syndrome","definition":""},{"code":"4287008","display":"Chordee of penis","definition":""},{"code":"4294006","display":"Isosexual precocious puberty","definition":""},{"code":"4300009","display":"Deep third degree burn of forearm","definition":""},{"code":"4301008","display":"Autoimmune state","definition":""},{"code":"4306003","display":"Cluster B personality disorder","definition":""},{"code":"4307007","display":"Pregestational diabetes mellitus AND/OR impaired glucose tolerance","definition":"modified White class F"},{"code":"4308002","display":"RSIS - Repetitive strain injury syndrome","definition":""},{"code":"4310000","display":"Third degree burn of wrist AND/OR hand","definition":""},{"code":"4313003","display":"Acardiacus anceps","definition":""},{"code":"4316006","display":"Myometritis","definition":""},{"code":"4320005","display":"Factor V deficiency","definition":""},{"code":"4324001","display":"Subacute cystitis","definition":""},{"code":"4325000","display":"11q partial monosomy syndrome","definition":""},{"code":"4332009","display":"Subarachnoid hemorrhage following injury without open intracranial wound AND with concussion","definition":""},{"code":"4338008","display":"Arnold nerve reflex cough syndrome","definition":""},{"code":"4340003","display":"Acrodermatitis chronica atrophicans","definition":""},{"code":"4349002","display":"Open fracture of multiple sites of metacarpus","definition":""},{"code":"4354006","display":"Open dislocation of scapula","definition":""},{"code":"4356008","display":"Gingival soft tissue recession","definition":""},{"code":"4359001","display":"Early congenital syphilis","definition":""},{"code":"4364002","display":"Structure of associations","definition":""},{"code":"4367009","display":"Hoover sign","definition":""},{"code":"4373005","display":"Clubbing of nail","definition":""},{"code":"4374004","display":"TV - Congenital tricuspid valve abnormality","definition":""},{"code":"4381006","display":"Verbal paraphasia","definition":""},{"code":"4386001","display":"Bronchospasm","definition":""},{"code":"4390004","display":"Chronic lithium nephrotoxicity","definition":""},{"code":"4397001","display":"Partial congenital duodenal obstruction","definition":""},{"code":"4399003","display":"Acute hemorrhagic pancreatitis","definition":""},{"code":"4403007","display":"Exclamation point hair","definition":""},{"code":"4406004","display":"Congenital anomaly of male genital system","definition":""},{"code":"4409006","display":"Combined methylmalonic acidemia and homocystinuria due to defects in adenosylcobalamin and methylcobalamin synthesis","definition":""},{"code":"4410001","display":"Retroperitoneal hernia with obstruction","definition":""},{"code":"4412009","display":"Digital nerve injury","definition":""},{"code":"4414005","display":"Infection caused by Setaria","definition":""},{"code":"4416007","display":"Heerfordt syndrome","definition":""},{"code":"4418008","display":"Gangrenous ergotism","definition":""},{"code":"4426000","display":"Ten previous induced terminations of pregnancy","definition":""},{"code":"4434006","display":"BS - Bloom syndrome","definition":""},{"code":"4439001","display":"Axenfeld-Schurenberg syndrome","definition":""},{"code":"4441000","display":"Severe bipolar disorder with psychotic features","definition":""},{"code":"4445009","display":"TB - Urogenital tuberculosis","definition":""},{"code":"4448006","display":"Allergic headache","definition":""},{"code":"4451004","display":"Illegal termination of pregnancy with renal tubular necrosis","definition":""},{"code":"4461006","display":"Complication of administrative procedure","definition":""},{"code":"4463009","display":"Indiana-Maryland type amyloid polyneuropathy","definition":""},{"code":"4464003","display":"Rocio virus disease","definition":""},{"code":"4465002","display":"Spherophakia","definition":""},{"code":"4468000","display":"Oppenheim gait","definition":""},{"code":"4470009","display":"Blanching of skin","definition":""},{"code":"4473006","display":"Migraine with aura","definition":""},{"code":"4477007","display":"Juvenile myopathy AND lactate acidosis","definition":""},{"code":"4478002","display":"Multiple fractures of upper AND lower limbs","definition":""},{"code":"4481007","display":"Abnormal gastric secretion regulation","definition":""},{"code":"4483005","display":"Syphilitic punched out ulcer","definition":""},{"code":"160245001","display":"No current problems or disability","definition":""}]}]}}