{"resourceType":"ValueSet","id":"us-core-condition-category","url":"https://healthsamurai.github.io/rgvhie/ValueSet/us-core-condition-category","name":"UsCoreConditionCategory","title":"us core condition category","status":"active","date":"2021-07-16T08:51:30Z","compose":{"include":[{"system":"http://terminology.hl7.org/CodeSystem/condition-category","concept":[{"code":"problem-list-item","display":"Problem List","definition":"Item\tAn item on a problem list that can be managed over time and can be expressed by a practitioner (e.g. physician"}]}]}}